{
    "rmse": 0.6450005003235477,
    "mae": 0.6551462834843994,
    "r2_score": 0.013014969842178092
}